resume,jd,expected_match,overall_similarity,skill_similarity,experience_similarity,project_similarity
ai-developer-resume.docx,ai_ml_engineer.txt,True,0.6633,0.8396,0.3873,0.6364
ai-developer-resume.docx,data_scientist.txt,False,0.5564,0.6827,0.3736,0.515
ai-developer-resume.docx,finance_analyst.txt,False,0.3157,0.4422,0.1331,0.2734
ai-developer-resume.docx,legal_intern.txt,False,0.2526,0.2794,,0.1855
ai-developer-resume.docx,software_engineer.txt,False,0.3354,0.361,0.2724,0.3657
asst-report-writter-resume.docx,ai_ml_engineer.txt,False,0.0208,,,0.0208
asst-report-writter-resume.docx,data_scientist.txt,False,0.1177,,,0.1177
asst-report-writter-resume.docx,finance_analyst.txt,False,0.1485,,,0.1485
asst-report-writter-resume.docx,legal_intern.txt,False,0.1578,,,0.1578
asst-report-writter-resume.docx,software_engineer.txt,False,-0.0331,,,-0.0331
bussines-strategist-resume.docx,ai_ml_engineer.txt,False,0.1583,0.1164,,0.2632
bussines-strategist-resume.docx,data_scientist.txt,False,0.1859,0.0972,,0.4076
bussines-strategist-resume.docx,finance_analyst.txt,False,0.1819,0.085,,0.4243
bussines-strategist-resume.docx,legal_intern.txt,False,0.105,0.0283,,0.2967
bussines-strategist-resume.docx,software_engineer.txt,False,0.318,0.351,,0.2356
data-scientist-resume.pdf,ai_ml_engineer.txt,False,0.4132,0.5451,0.1865,0.4236
data-scientist-resume.pdf,data_scientist.txt,True,0.475,0.5555,0.2456,0.6178
data-scientist-resume.pdf,finance_analyst.txt,False,0.3613,0.402,0.232,0.4534
data-scientist-resume.pdf,legal_intern.txt,False,0.1874,0.1787,,0.2091
data-scientist-resume.pdf,software_engineer.txt,False,0.2371,0.2138,0.2395,0.2919
Fernandus_Bernard_Resume.docx,ai_ml_engineer.txt,False,0.1108,0.0537,,0.2535
Fernandus_Bernard_Resume.docx,data_scientist.txt,False,0.1033,0.0796,,0.1626
Fernandus_Bernard_Resume.docx,finance_analyst.txt,False,0.0986,0.0455,,0.2315
Fernandus_Bernard_Resume.docx,legal_intern.txt,False,-0.0257,-0.0593,,0.0582
Fernandus_Bernard_Resume.docx,software_engineer.txt,False,0.3895,0.3539,,0.4784
finance-resume.docx,ai_ml_engineer.txt,False,0.2123,0.2186,,0.1966
finance-resume.docx,data_scientist.txt,False,0.3044,0.3108,,0.2884
finance-resume.docx,finance_analyst.txt,True,0.6205,0.6454,,0.5581
finance-resume.docx,legal_intern.txt,False,0.2577,0.2608,,0.2501
finance-resume.docx,software_engineer.txt,False,0.1789,0.1772,,0.1833
Junior_Python_Developer_Resume.docx,ai_ml_engineer.txt,False,0.2742,0.2705,,0.2836
Junior_Python_Developer_Resume.docx,data_scientist.txt,False,0.2988,0.3342,,0.2104
Junior_Python_Developer_Resume.docx,finance_analyst.txt,False,0.148,0.0903,,0.2923
Junior_Python_Developer_Resume.docx,legal_intern.txt,False,0.0523,0.0244,,0.1222
Junior_Python_Developer_Resume.docx,software_engineer.txt,False,0.4767,0.4906,,0.442
legal-resume.docx,ai_ml_engineer.txt,False,0.1263,0.1428,,0.0851
legal-resume.docx,data_scientist.txt,False,0.1231,0.1363,,0.0902
legal-resume.docx,finance_analyst.txt,False,0.0948,0.1202,,0.0312
legal-resume.docx,legal_intern.txt,True,0.4116,0.3977,,0.4464
legal-resume.docx,software_engineer.txt,False,0.0375,0.0395,,0.0324
marketing-resume.docx,ai_ml_engineer.txt,False,0.1625,0.166,,0.1537
marketing-resume.docx,data_scientist.txt,False,0.1785,0.1503,,0.249
marketing-resume.docx,finance_analyst.txt,False,0.1367,0.0823,,0.2728
marketing-resume.docx,legal_intern.txt,False,0.1189,0.0883,,0.1953
marketing-resume.docx,software_engineer.txt,False,0.3549,0.3953,,0.2538
mechanical-engineering-resume.docx,ai_ml_engineer.txt,False,0.159,,,0.159
mechanical-engineering-resume.docx,data_scientist.txt,False,0.2269,,,0.2269
mechanical-engineering-resume.docx,finance_analyst.txt,False,0.1311,,,0.1311
mechanical-engineering-resume.docx,legal_intern.txt,False,0.0608,,,0.0608
mechanical-engineering-resume.docx,software_engineer.txt,False,0.2558,,,0.2558
software-engineering-resume.docx,ai_ml_engineer.txt,False,0.2262,0.1557,,0.4023
software-engineering-resume.docx,data_scientist.txt,False,0.2109,0.1932,,0.2552
software-engineering-resume.docx,finance_analyst.txt,False,0.0767,0.0293,,0.1953
software-engineering-resume.docx,legal_intern.txt,False,0.0302,-0.03,,0.1807
software-engineering-resume.docx,software_engineer.txt,True,0.554,0.5422,,0.5835
tax-resume.docx,ai_ml_engineer.txt,False,0.1278,,,0.1278
tax-resume.docx,data_scientist.txt,False,0.2013,,,0.2013
tax-resume.docx,finance_analyst.txt,False,0.3594,,,0.3594
tax-resume.docx,legal_intern.txt,False,0.2324,,,0.2324
tax-resume.docx,software_engineer.txt,False,0.2186,,,0.2186
